{"ret": 0.41368646567553513, "mat": [[625.0479598206354, 0.0, 362.66000431994723], [0.0, 616.030752597972, 231.54367135525578], [0.0, 0.0, 1.0]], "dist": [[-0.3376869261944662, 0.05332824860219708, -0.0009649250293466065, 0.0018214711378500925, 0.1408737813920382]], "rvecs": [[[-0.10110426451235924], [-0.11554356402419211], [-0.021170571808811312]], [[-0.23205624404846079], [-0.003143324316082398], [0.04053787786715182]], [[0.055709608927758475], [-0.1428658505713388], [0.026383993109313678]], [[0.04406727704306985], [0.000642269887051517], [0.06234360619345491]], [[-0.6488866384322611], [0.07025030739855831], [0.43084699548538546]], [[-0.3030426122989881], [0.11601745179102285], [1.4774795022847262]], [[-0.2544775546838324], [0.12284615187058928], [1.478985444340136]], [[0.020901551054584445], [-0.039848771930893395], [1.4904983709351092]], [[-0.20350817894872317], [0.5248987687989366], [1.5114557306589618]], [[0.008053507119627623], [-0.11028133444574324], [1.3449153239968523]], [[-0.6497869647077181], [0.4022533418288822], [1.2953309857171382]], [[-0.3768694975829736], [-0.00563818911267592], [0.04211808196275614]]], "tvecs": [[[-4.479496393919992], [-3.2145385302976184], [13.966939876289105]], [[-5.338346167443979], [-3.0764400331895536], [13.653587992815716]], [[-3.751532997102395], [-2.516579919867948], [14.56001492425464]], [[-3.9565373050218744], [-2.7189166088159795], [13.477366834993141]], [[-1.3427982521759043], [-3.824352825455758], [15.393464752812173]], [[1.045668429152541], [-3.395665960275117], [13.871873516989753]], [[-0.11804258855704279], [-3.2731498151497336], [13.354170093218732]], [[4.471538603128599], [-3.133266774266341], [13.631161859140516]], [[1.0405200504683898], [-2.92148738710134], [14.386525214779187]], [[-0.6713480192185324], [-3.242987684565362], [14.845845428495423]], [[-1.3964268703766196], [-1.9193768066276216], [16.966853425792582]], [[-3.8373094637340466], [-3.392103327658496], [13.033568918331426]]]}